module,risk_score
module_14,0.2250623335861309
module_1,0.22016034309779206
module_8,0.19404895730293806
module_9,0.1829440509863933
module_12,0.1617534042040966
module_3,0.14429610320244587
module_4,0.13519878693026968
module_2,0.10305475309611492
module_15,0.09915979093960364
module_11,0.09226920432525682
module_5,0.09152005474884699
module_6,0.09117281436388003
module_13,0.03820831459796654
module_10,0.025607380888201706
module_7,0.024239834019116818
