{
  "FPA": 1.0,
  "Recall@5": 0.0001770600941959701,
  "NDCG@5": 1.0,
  "Recall@10": 0.0003541201883919402,
  "NDCG@10": 1.0,
  "Recall@20": 0.0007082403767838804,
  "NDCG@20": 1.0
}