{
  "FPA": 1.0,
  "Recall@5": 0.21739130434782608,
  "NDCG@5": 1.0,
  "Recall@10": 0.43478260869565216,
  "NDCG@10": 1.0,
  "Recall@20": 0.782608695652174,
  "NDCG@20": 0.9342242174669668
}