{
  "metrics_f1": 0.6088254103602644,
  "metrics_auc": 0.8505975259010772,
  "fused_f1": 0.6086771133141456,
  "fused_auc": 0.850595336289174
}