{
  "metrics_f1": 0.0,
  "metrics_auc": 0.30344827586206896,
  "fused_f1": 0.0,
  "fused_auc": 0.22758620689655176
}