{
  "metrics_f1": 0.6062627784353815,
  "metrics_auc": 0.8493474437341975,
  "fused_f1": 0.6062627784353815,
  "fused_auc": 0.8493474437341975
}