{
  "metrics_f1": 0.0,
  "metrics_auc": 0.6758620689655173,
  "fused_f1": 0.0,
  "fused_auc": 0.4413793103448276
}